C10-0000427-LIC,Cannabis - Retailer License,Brendan Hallinan,Corporation,"1276 Market ST San Francisco, CA 94102 County: SAN FRANCISCO",Active,7/16/2019,7/15/2020,N/A for this license type,BOTH
C10-0000437-LIC,Cannabis - Retailer License,Khader ElShawa,Corporation,"2441 MISSION ST SAN FRANCISCO, CA 941102414 County: SAN FRANCISCO",Active,7/16/2019,7/15/2020,N/A for this license type,BOTH
C10-0000387-LIC,Cannabis - Retailer License,Clayton Kopp,Corporation,"1077 POST ST SAN FRANCISCO, CA 94109 County: SAN FRANCISCO",Active,7/9/2019,7/8/2020,N/A for this license type,BOTH
C10-0000358-LIC,Cannabis - Retailer License,Wyatt Lin,Corporation,"49 KEARNYST SAN FRANCISCO, CA 94108 County: SAN FRANCISCO",Active,7/3/2019,7/2/2020,N/A for this license type,BOTH
C10-0000308-LIC,Cannabis - Retailer License,Heidi Hanley,Limited Liability Company,"1284 MISSION ST SAN FRANCISCO, CA 94103 County: SAN FRANCISCO",Active,6/26/2019,6/25/2020,N/A for this license type,BOTH
C10-0000281-LIC,Cannabis - Retailer License,Abdelkader Chenbod,Corporation,"14 VALENCIAST SAN FRANCISCO, CA 941031102 County: SAN FRANCISCO 212 CALIFORNIA",Active,6/25/2019,6/24/2020,N/A for this license type,BOTH
C10-0000282-LIC,Cannabis - Retailer License,Tara McKnight,Corporation,"ST SAN FRANCISCO, CA 941114405 County: SAN FRANCISCO",Active,6/25/2019,6/24/2020,N/A for this license type,BOTH
C10-0000265-LIC,Cannabis - Retailer License,Mikhail Mekk,Corporation,"5258 MISSION ST SAN FRANCISCO, CA 94112 County: SAN FRANCISCO",Active,6/21/2019,6/20/2020,N/A for this license type,BOTH
C10-0000202-LIC,Cannabis - Retailer License,Martin Higgins,Corporation,"4811 GEARY BLVD SAN FRANCISCO, CA 94118 County: SAN FRANCISCO",Active,6/14/2019,6/13/2020,N/A for this license type,BOTH
